epoch,train_objective_loss,train_loss,val_loss,loss_gap,relative_loss_gap,accuracy_gap,train_accuracy,val_accuracy,train_f1_macro,val_f1_macro,selection_score,lr,epoch_seconds,gradient_norm_mean,gradient_norm_min,batch_logit_spread_mean,batch_embedding_spread_mean
1,1.1787289282441593,0.6634165787696839,0.61603208038542,0.0,0.0,0.0,0.7633333333333333,0.7877777777777778,0.748204617796018,0.782753631552709,0.7534592714009586,9.999999999999999e-05,1142.4661742640892,13.593755497225336,7.4916815757751465,1.5813267703518668,0.7478390549072295
2,0.6043633437315321,0.34852825323740644,0.34029304954740736,0.0,0.0,0.0033333333333332993,0.89,0.8866666666666667,0.8882216359260032,0.8858196521479373,0.8690591040261858,0.00019999999999999998,1146.753551625996,12.409175405030922,2.9826700687408447,2.0670243850678998,0.8403379726772526
3,0.3978728350577699,0.21898855447769164,0.22462253908316293,0.005633984605471293,0.02572730167980184,0.0,0.93,0.9344444444444444,0.9300100468264783,0.9340934486575264,0.9229676204394436,0.0003,1134.39431086299,7.879056327923169,0.3462919592857361,2.083129766322814,0.8477072976387953
4,0.2882128109156859,0.11920184602340063,0.15848075866699218,0.039278912643591554,0.32951597608547667,0.0,0.9566666666666667,0.9577777777777777,0.9562987071331103,0.9575036360380699,0.9496618406266326,0.00029979500471849756,1103.3791630859487,4.555002365445456,0.1158965528011322,1.9743590377582796,0.8549096529927998
5,0.24545084410293927,0.09606735639274121,0.10976093656486935,0.013693580172128142,0.14254144889910617,0.004444444444444473,0.9766666666666667,0.9722222222222222,0.9766017599256397,0.9721856936413744,0.9667086053873852,0.0002991806414379231,967.4469206619542,3.4488370429880266,0.09986055642366409,1.8587012698895125,0.8620807850315544
6,1.044405122673557,0.06932488910853862,0.10033948444657856,0.031014595338039935,0.44738038151755116,0.011111111111111183,0.9866666666666667,0.9755555555555555,0.9867232183021657,0.9752878043813707,0.9703511555112971,0.0002981587759593675,2107.1990546879824,2.177571773585711,0.128182053565979,1.7279287780645682,0.8638223076501274
7,1.2845268522605244,0.06399318128824234,0.06633858568138547,0.0023454043931431245,0.036650848511168684,0.0011111111111111738,0.9866666666666667,0.9855555555555555,0.9866478735926747,0.9853301944432306,0.9820808734928588,0.0002967325116547038,2265.822707145009,2.1540641250379187,0.14041072130203247,1.6245116067929866,0.8652109714515309
8,1.6228078533488082,0.06002857205768426,0.08060004197061062,0.020571469912926355,0.342694640364896,0.00666666666666671,0.99,0.9833333333333333,0.989981206926008,0.983112667633429,0.9791488652448698,0.0002949061800417488,2244.8321592198918,1.6269908399522985,0.12829874455928802,1.5453958833172294,0.866548639286607
9,1.953453099999591,0.060317130039135615,0.062084358516666625,0.0017672284775310104,0.029298948348244987,0.0033333333333332993,0.99,0.9866666666666667,0.989981206926008,0.9865944147859818,0.9835118724243539,0.0002926853276295857,2072.4250321589643,1.4794785356000348,0.1414981335401535,1.5071944052728863,0.8652275254517907
10,2.3785512547075975,0.04777706392109394,0.08276091357900037,0.03498384965790643,0.7322310495195749,0.011111111111111072,0.9933333333333333,0.9822222222222222,0.9933166248955723,0.9821278127001187,0.9780180898777997,0.00029007669907399824,2017.5873467620695,1.3700957255218418,0.10782067477703094,1.4458119198396633,0.8665929459347018
11,2.839315058840545,0.043014741738637285,0.08130222767591476,0.038287485937277474,0.8901014952017338,0.010000000000000009,0.9933333333333333,0.9833333333333333,0.9933166248955723,0.9832112815739824,0.979182785717992,0.00028708821669417304,2089.6728677699575,1.9629629677012845,0.22184249758720398,1.445590356003649,0.9032375162091999
12,3.109696666550727,0.04607700740297636,0.08664340626862314,0.04056639886564679,0.8804043741570419,0.012222222222222245,0.99,0.9777777777777777,0.989981206926008,0.9778915487579315,0.9735252471504542,0.0002837289564128761,2223.6433596001007,1.8570352608600043,0.21926037967205048,1.4374770528916623,0.9317202259832462
13,3.7916028581191377,0.11189026753107707,0.11331237509846687,0.0014221075673897937,0.012709841514989755,0.0,0.9733333333333334,0.9822222222222222,0.9737029225626173,0.9823450998678489,0.9766426178192374,0.0002800091201931743,2405.6576932539465,1.8343935862693497,0.43093162775039673,1.416323106551805,0.9423783793195573
14,4.038671389278804,0.03205866580208143,0.05367655454410447,0.021617888742023042,0.6743227829718194,0.006666666666666599,0.9933333333333333,0.9866666666666667,0.9933166248955723,0.9865646339533743,0.9839114160401567,0.00027594000505540826,2008.0771138879936,2.243308990400554,0.2735922932624817,1.4217519710272437,0.9470643088391525
15,4.457922866135949,0.039889166230956716,0.06345524283746878,0.023566076606512068,0.5907888991729083,0.006666666666666599,0.9933333333333333,0.9866666666666667,0.9933166248955723,0.9865588465870812,0.9834184304690833,0.00027153396876851334,1944.993674742058,2.1488079830947484,0.25564441084861755,1.400054237688449,0.9508557621063841
16,4.601963434835803,0.034358293960491816,0.05098321138156785,0.01662491742107603,0.48386911876919214,0.010000000000000009,0.9966666666666667,0.9866666666666667,0.9966645820304357,0.986575503739798,0.9840536920487801,0.00026680439231988116,1947.7314985099947,2.0660740642493214,0.4176458716392517,1.4002300537131132,0.9530956629564553
17,4.413477517352812,0.048346237043539686,0.05358231405417124,0.005236077010631557,0.10830371360476405,0.0022222222222222365,0.99,0.9877777777777778,0.989981206926008,0.9876679727778025,0.9850217985750865,0.00026176563927774105,2279.6866833440727,2.208059581287007,0.4004744291305542,1.3941137101713696,0.9551776681562794
18,4.697524401624847,0.04229976065456867,0.05584945025543372,0.013549689600865049,0.3203254437185944,0.004444444444444362,0.9933333333333333,0.9888888888888889,0.9933166248955723,0.9888268773668846,0.9860530083107142,0.0002564330121694752,2654.7658805400133,2.288367601175272,0.26200172305107117,1.3870262619207114,0.956657666443872
19,4.818505104503704,0.03861725258330504,0.06511677003569073,0.02649951745238569,0.6862092893641514,0.0033333333333332993,0.99,0.9866666666666667,0.989981206926008,0.9865358638697121,0.9833192662070139,0.0002508227060083458,2619.235526783974,2.34987603960835,0.33925914764404297,1.387999176979065,0.9574056915910525
20,4.634525600948261,0.03683929036060969,0.06332898679706786,0.02648969643645817,0.7190609856258849,0.004444444444444362,0.9933333333333333,0.9888888888888889,0.9933166248955723,0.9888016360144471,0.9856613625369263,0.0002449517591097724,2681.730318301008,2.160112316164227,0.461262583732605,1.3957578474124575,0.9583275086979449
21,4.412834209634324,0.03189468920230865,0.05542674942149056,0.02353206021918191,0.7378049702857293,0.005555555555555536,0.9933333333333333,0.9877777777777778,0.9933166248955723,0.9876750299293693,0.9849345168128173,0.0002388380013465277,2707.5783139970154,2.198586409082884,0.40235352516174316,1.3975892941761379,0.958985560067253
22,4.712306288258658,0.035805960595607755,0.07288416609168052,0.03707820549607277,1.035531651135791,0.007777777777777772,0.9933333333333333,0.9855555555555555,0.9933166248955723,0.9854859601097139,0.9818626304388823,0.00023250000000000007,2503.251175450976,1.9923608875319985,0.2433883249759674,1.375724542730208,0.9602228464282511
23,4.494781515897453,0.02631532907485962,0.06870701715350151,0.042391688078641895,1.610912330149838,0.008888888888888835,0.9933333333333333,0.9844444444444445,0.9933166248955723,0.9844169128390268,0.980989821462977,0.00022595700337197015,2603.6021012180718,2.699070995524809,0.42322391271591187,1.3959867836404662,0.9595690349208992
24,4.2230757855643795,0.028818957582116125,0.05629315863053004,0.027474201048413915,0.9533377801792279,0.004444444444444362,0.9933333333333333,0.9888888888888889,0.9933166248955723,0.9888176248695364,0.9860243461438156,0.00021922888232815094,2602.6682329659816,2.1092190183840778,0.4194931983947754,1.383856422547605,0.960573756649467
25,4.846578347365666,0.0282989139854908,0.054108261060383585,0.025809347074892786,0.9120260617819311,0.010000000000000009,0.9966666666666667,0.9866666666666667,0.9966645820304357,0.9865876157603498,0.9839059179792257,0.00021233606995102193,2184.511215597042,2.189648791524394,0.4037048816680908,1.366091256812498,0.9613294021258336
26,4.795350993540803,0.04274001245697339,0.05397537373834186,0.01123536128136847,0.26287688363870204,0.004444444444444362,0.9933333333333333,0.9888888888888889,0.9933166248955723,0.9887779011416568,0.9861124287789094,0.00020529949948522883,2526.7968509519706,2.0747220130927664,0.3739149570465088,1.3686725123300298,0.9615957544330408
27,4.4220730782461715,0.02711735129356384,0.04866573176450199,0.021548380470938152,0.7946344109224467,0.007777777777777772,0.9966666666666667,0.9888888888888889,0.9966645820304357,0.9887598523429683,0.9863652767185194,0.00019814054076400792,2371.2264394609956,1.9927623806797505,0.4696146249771118,1.375079545231373,0.9618002908311416
28,4.263240632448813,0.0279061292608579,0.03925291422340605,0.011346784962548151,0.4066054756817723,0.0,0.9933333333333333,0.9944444444444445,0.9933166248955723,0.9944244385403322,0.9924677946003956,0.00019088093530970473,1989.1557298119878,1.9554064179781272,0.3901439905166626,1.377449577752175,0.9619352071910756
29,4.82042052718623,0.03271513991057873,0.053310833002130194,0.020595693091551466,0.6295462329626678,0.0033333333333332993,0.9933333333333333,0.99,0.9933166248955723,0.989936007759661,0.9872896637816562,0.0001835427303054851,1913.3330771020846,2.0657336355502163,0.2421567291021347,1.363047777926514,0.9622930449224697
30,4.208947856616612,0.02733993262052536,0.045714159417483545,0.018374226796958184,0.6720655479291049,0.004444444444444473,0.9966666666666667,0.9922222222222222,0.9966645820304357,0.9921815568234245,0.9899080484721896,0.0001761482116387649,2061.4236821519444,2.0573776452713592,0.22977039217948914,1.363850783939144,0.9625045795404412
31,4.547180481736651,0.02619491937259833,0.057882055714726446,0.031687136342128115,1.2096672599525164,0.007777777777777772,0.9966666666666667,0.9888888888888889,0.9966645820304357,0.9888226949780248,0.9859484503655476,0.00016871983621970192,2007.2404453569325,2.0948426312140187,0.36327412724494934,1.363401826343609,0.9627038623443575
32,4.315336954004411,0.03213259013990561,0.05687041529350811,0.024737825153602497,0.7698671363215279,0.00666666666666671,0.9966666666666667,0.99,0.9966645820304357,0.9899363785938801,0.9871119442510407,0.0001612801637802982,1953.0529320059577,1.928582737767651,0.29225876927375793,1.3598309592149103,0.9628335745162384
33,4.028425057124729,0.027299665262301764,0.04401561405923631,0.016715948796934547,0.6123133245892828,0.0,0.9933333333333333,0.9933333333333333,0.9933166248955723,0.9933230662226091,0.9911253656528645,0.00015385178836123522,1921.8959444890497,1.8339329156812152,0.36103785037994385,1.3621753925606326,0.9628897767103217
34,4.183477129999676,0.023882520198822022,0.05530445704857508,0.03142193684975306,1.315687648881499,0.010000000000000009,1.0,0.99,1.0,0.9898875511956855,0.9871560629845509,0.00014645726969451494,1933.1969770290889,1.6799660945459918,0.18307803571224213,1.3494589550866827,0.9631553648089275
35,4.457431800918434,0.025231449802716573,0.04511778506967756,0.01988633526696099,0.788156662516472,0.004444444444444473,0.9966666666666667,0.9922222222222222,0.9966645820304357,0.9921733365366697,0.9899321129888515,0.00013911906469029538,2120.398579800036,1.8627703975135383,0.3043767809867859,1.3485565212742912,0.9632887198897823
36,4.866039500943608,0.024407468438148498,0.04531835520433055,0.020910886766182052,0.8567413215824816,0.0033333333333334103,0.9966666666666667,0.9933333333333333,0.9966645820304357,0.9932713485633726,0.9910240262341442,0.00013185945923599218,1941.8486271189759,2.0007639723358954,0.2967170178890228,1.340640817304981,0.9636948439558196
37,4.560289690703041,0.026292006721099218,0.06029945577184359,0.034007449050744376,1.293452014199188,0.005555555555555536,0.9933333333333333,0.9877777777777778,0.9933166248955723,0.9877526455361367,0.9847452124200368,0.00012470050051477128,1936.1703231219435,2.0726599255895435,0.43690225481987,1.3422167133469092,0.963514066014453
38,4.210934115906632,0.02383516602218151,0.05611443387965361,0.0322792678574721,1.3542707370878948,0.011111111111111072,1.0,0.9888888888888889,1.0,0.9887964201234818,0.9860184390591212,0.00011766393004897824,1974.9899787870236,2.0096520765652675,0.35239240527153015,1.3448715377669824,0.9638307609032315
