index,true_label,true_class,pred_label,pred_class,correct
580,9,class_10,9,class_10,True
1450,23,class_24,23,class_24,True
1521,24,class_25,24,class_25,True
57,0,class_01,0,class_01,True
1195,18,class_19,18,class_19,True
630,10,class_11,10,class_11,True
1006,15,class_16,15,class_16,True
585,9,class_10,9,class_10,True
330,5,class_06,5,class_06,True
112,1,class_02,1,class_02,True
1271,20,class_21,20,class_21,True
4,0,class_01,0,class_01,True
1364,21,class_22,21,class_22,True
157,2,class_03,2,class_03,True
465,7,class_08,7,class_08,True
687,10,class_11,10,class_11,True
1657,26,class_27,26,class_27,True
814,12,class_13,12,class_13,True
1352,21,class_22,21,class_22,True
943,14,class_15,14,class_15,True
865,13,class_14,13,class_14,True
82,1,class_02,1,class_02,True
818,12,class_13,12,class_13,True
1312,20,class_21,20,class_21,True
236,3,class_04,3,class_04,True
376,5,class_06,5,class_06,True
1021,16,class_17,16,class_17,True
991,15,class_16,15,class_16,True
1158,18,class_19,18,class_19,True
711,11,class_12,11,class_12,True
1010,16,class_17,16,class_17,True
296,4,class_05,4,class_05,True
253,4,class_05,4,class_05,True
868,13,class_14,13,class_14,True
827,13,class_14,13,class_14,True
415,6,class_07,6,class_07,True
1492,23,class_24,23,class_24,True
1239,19,class_20,19,class_20,True
935,14,class_15,14,class_15,True
1322,20,class_21,20,class_21,True
39,0,class_01,0,class_01,True
1394,22,class_23,22,class_23,True
1143,18,class_19,18,class_19,True
1310,20,class_21,20,class_21,True
1051,16,class_17,16,class_17,True
713,11,class_12,11,class_12,True
599,9,class_10,9,class_10,True
672,10,class_11,10,class_11,True
235,3,class_04,3,class_04,True
872,13,class_14,13,class_14,True
140,2,class_03,2,class_03,True
926,14,class_15,14,class_15,True
1303,20,class_21,20,class_21,True
1636,25,class_26,25,class_26,True
596,9,class_10,9,class_10,True
1155,18,class_19,18,class_19,True
562,8,class_09,8,class_09,True
360,5,class_06,5,class_06,True
397,6,class_07,6,class_07,True
683,10,class_11,10,class_11,True
1102,17,class_18,17,class_18,True
1008,16,class_17,16,class_17,True
757,12,class_13,12,class_13,True
1040,16,class_17,16,class_17,True
478,7,class_08,7,class_08,True
413,6,class_07,6,class_07,True
1614,25,class_26,25,class_26,True
285,4,class_05,4,class_05,True
1170,18,class_19,18,class_19,True
530,8,class_09,8,class_09,True
148,2,class_03,2,class_03,True
345,5,class_06,5,class_06,True
640,10,class_11,10,class_11,True
1147,18,class_19,18,class_19,True
1311,20,class_21,20,class_21,True
1199,19,class_20,19,class_20,True
1615,25,class_26,25,class_26,True
371,5,class_06,5,class_06,True
1356,21,class_22,21,class_22,True
195,3,class_04,3,class_04,True
1207,19,class_20,19,class_20,True
1353,21,class_22,21,class_22,True
1031,16,class_17,16,class_17,True
1602,25,class_26,25,class_26,True
261,4,class_05,4,class_05,True
1046,16,class_17,16,class_17,True
763,12,class_13,12,class_13,True
46,0,class_01,0,class_01,True
165,2,class_03,2,class_03,True
193,3,class_04,3,class_04,True
1517,24,class_25,24,class_25,True
98,1,class_02,1,class_02,True
1559,24,class_25,24,class_25,True
1632,25,class_26,25,class_26,True
394,6,class_07,6,class_07,True
1429,22,class_23,22,class_23,True
1251,19,class_20,19,class_20,True
845,13,class_14,13,class_14,True
299,4,class_05,4,class_05,True
1292,20,class_21,20,class_21,True
780,12,class_13,12,class_13,True
883,14,class_15,14,class_15,True
900,14,class_15,14,class_15,True
329,5,class_06,5,class_06,True
1072,17,class_18,17,class_18,True
633,10,class_11,10,class_11,True
1385,21,class_22,21,class_22,True
1162,18,class_19,18,class_19,True
68,1,class_02,1,class_02,True
1561,24,class_25,24,class_25,True
983,15,class_16,15,class_16,True
1500,23,class_24,23,class_24,True
1670,26,class_27,26,class_27,True
597,9,class_10,9,class_10,True
876,13,class_14,13,class_14,True
1423,22,class_23,22,class_23,True
1686,26,class_27,26,class_27,True
109,1,class_02,1,class_02,True
45,0,class_01,0,class_01,True
269,4,class_05,4,class_05,True
245,3,class_04,3,class_04,True
209,3,class_04,3,class_04,True
1138,18,class_19,18,class_19,True
1645,26,class_27,26,class_27,True
1451,23,class_24,23,class_24,True
922,14,class_15,14,class_15,True
702,11,class_12,11,class_12,True
538,8,class_09,8,class_09,True
1182,18,class_19,18,class_19,True
1400,22,class_23,22,class_23,True
569,9,class_10,9,class_10,True
1277,20,class_21,20,class_21,True
804,12,class_13,12,class_13,True
867,13,class_14,13,class_14,True
393,6,class_07,6,class_07,True
104,1,class_02,1,class_02,True
797,12,class_13,12,class_13,True
514,8,class_09,8,class_09,True
404,6,class_07,6,class_07,True
1099,17,class_18,17,class_18,True
796,12,class_13,12,class_13,True
1281,20,class_21,20,class_21,True
497,7,class_08,7,class_08,True
107,1,class_02,1,class_02,True
997,15,class_16,15,class_16,True
933,14,class_15,14,class_15,True
916,14,class_15,14,class_15,True
1105,17,class_18,17,class_18,True
831,13,class_14,13,class_14,True
70,1,class_02,1,class_02,True
79,1,class_02,1,class_02,True
194,3,class_04,3,class_04,True
1473,23,class_24,23,class_24,True
981,15,class_16,15,class_16,True
601,9,class_10,9,class_10,True
998,15,class_16,15,class_16,True
1064,16,class_17,16,class_17,True
1420,22,class_23,22,class_23,True
52,0,class_01,0,class_01,True
1273,20,class_21,20,class_21,True
147,2,class_03,2,class_03,True
275,4,class_05,4,class_05,True
1656,26,class_27,26,class_27,True
664,10,class_11,10,class_11,True
86,1,class_02,1,class_02,True
1097,17,class_18,17,class_18,True
771,12,class_13,12,class_13,True
808,12,class_13,12,class_13,True
161,2,class_03,2,class_03,True
755,11,class_12,11,class_12,True
1133,17,class_18,17,class_18,True
745,11,class_12,11,class_12,True
103,1,class_02,1,class_02,True
1245,19,class_20,19,class_20,True
1065,16,class_17,16,class_17,True
335,5,class_06,5,class_06,True
116,1,class_02,1,class_02,True
971,15,class_16,15,class_16,True
1696,26,class_27,26,class_27,True
231,3,class_04,3,class_04,True
1673,26,class_27,26,class_27,True
1074,17,class_18,17,class_18,True
1462,23,class_24,23,class_24,True
65,1,class_02,1,class_02,True
1672,26,class_27,26,class_27,True
264,4,class_05,4,class_05,True
639,10,class_11,10,class_11,True
1477,23,class_24,23,class_24,True
1100,17,class_18,17,class_18,True
1157,18,class_19,18,class_19,True
22,0,class_01,0,class_01,True
973,15,class_16,15,class_16,True
13,0,class_01,0,class_01,True
1154,18,class_19,18,class_19,True
168,2,class_03,2,class_03,True
1285,20,class_21,20,class_21,True
670,10,class_11,10,class_11,True
769,12,class_13,12,class_13,True
590,9,class_10,9,class_10,True
731,11,class_12,11,class_12,True
508,8,class_09,8,class_09,True
1535,24,class_25,24,class_25,True
716,11,class_12,11,class_12,True
270,4,class_05,4,class_05,True
960,15,class_16,15,class_16,True
450,7,class_08,7,class_08,True
1622,25,class_26,25,class_26,True
1580,25,class_26,25,class_26,True
211,3,class_04,16,class_17,False
859,13,class_14,13,class_14,True
840,13,class_14,13,class_14,True
554,8,class_09,8,class_09,True
1355,21,class_22,21,class_22,True
662,10,class_11,10,class_11,True
28,0,class_01,0,class_01,True
862,13,class_14,13,class_14,True
932,14,class_15,14,class_15,True
1497,23,class_24,23,class_24,True
310,4,class_05,4,class_05,True
1131,17,class_18,17,class_18,True
1235,19,class_20,19,class_20,True
1298,20,class_21,20,class_21,True
1243,19,class_20,19,class_20,True
778,12,class_13,12,class_13,True
75,1,class_02,1,class_02,True
16,0,class_01,0,class_01,True
1549,24,class_25,24,class_25,True
442,7,class_08,7,class_08,True
355,5,class_06,5,class_06,True
968,15,class_16,15,class_16,True
1075,17,class_18,17,class_18,True
977,15,class_16,15,class_16,True
642,10,class_11,10,class_11,True
750,11,class_12,11,class_12,True
958,15,class_16,15,class_16,True
1325,21,class_22,21,class_22,True
1503,23,class_24,23,class_24,True
634,10,class_11,10,class_11,True
1362,21,class_22,21,class_22,True
861,13,class_14,13,class_14,True
1188,18,class_19,18,class_19,True
100,1,class_02,1,class_02,True
1108,17,class_18,17,class_18,True
1191,18,class_19,18,class_19,True
772,12,class_13,12,class_13,True
322,5,class_06,5,class_06,True
1440,22,class_23,22,class_23,True
31,0,class_01,0,class_01,True
1054,16,class_17,16,class_17,True
1600,25,class_26,25,class_26,True
1202,19,class_20,19,class_20,True
1626,25,class_26,25,class_26,True
179,2,class_03,2,class_03,True
526,8,class_09,8,class_09,True
286,4,class_05,4,class_05,True
1035,16,class_17,16,class_17,True
1048,16,class_17,16,class_17,True
215,3,class_04,3,class_04,True
1398,22,class_23,22,class_23,True
1327,21,class_22,21,class_22,True
936,14,class_15,14,class_15,True
55,0,class_01,0,class_01,True
240,3,class_04,3,class_04,True
737,11,class_12,11,class_12,True
1236,19,class_20,19,class_20,True
1618,25,class_26,25,class_26,True
620,9,class_10,9,class_10,True
35,0,class_01,0,class_01,True
1608,25,class_26,25,class_26,True
1309,20,class_21,20,class_21,True
1544,24,class_25,24,class_25,True
813,12,class_13,12,class_13,True
697,11,class_12,11,class_12,True
380,6,class_07,6,class_07,True
504,8,class_09,8,class_09,True
561,8,class_09,8,class_09,True
324,5,class_06,5,class_06,True
1060,16,class_17,16,class_17,True
999,15,class_16,15,class_16,True
9,0,class_01,0,class_01,True
440,6,class_07,6,class_07,True
136,2,class_03,2,class_03,True
652,10,class_11,10,class_11,True
1178,18,class_19,18,class_19,True
1611,25,class_26,25,class_26,True
1566,24,class_25,24,class_25,True
1076,17,class_18,17,class_18,True
927,14,class_15,14,class_15,True
842,13,class_14,13,class_14,True
830,13,class_14,13,class_14,True
1225,19,class_20,19,class_20,True
1514,24,class_25,24,class_25,True
126,2,class_03,2,class_03,True
665,10,class_11,10,class_11,True
496,7,class_08,7,class_08,True
1538,24,class_25,24,class_25,True
1165,18,class_19,18,class_19,True
1279,20,class_21,20,class_21,True
33,0,class_01,0,class_01,True
461,7,class_08,7,class_08,True
1049,16,class_17,16,class_17,True
1149,18,class_19,18,class_19,True
914,14,class_15,14,class_15,True
819,13,class_14,13,class_14,True
1375,21,class_22,21,class_22,True
220,3,class_04,3,class_04,True
884,14,class_15,14,class_15,True
252,4,class_05,4,class_05,True
36,0,class_01,0,class_01,True
378,6,class_07,6,class_07,True
1476,23,class_24,23,class_24,True
1612,25,class_26,25,class_26,True
282,4,class_05,4,class_05,True
488,7,class_08,7,class_08,True
185,2,class_03,2,class_03,True
323,5,class_06,5,class_06,True
740,11,class_12,11,class_12,True
684,10,class_11,10,class_11,True
407,6,class_07,6,class_07,True
453,7,class_08,7,class_08,True
1278,20,class_21,20,class_21,True
641,10,class_11,10,class_11,True
657,10,class_11,10,class_11,True
1024,16,class_17,16,class_17,True
1361,21,class_22,21,class_22,True
706,11,class_12,11,class_12,True
375,5,class_06,5,class_06,True
1694,26,class_27,26,class_27,True
90,1,class_02,1,class_02,True
227,3,class_04,3,class_04,True
558,8,class_09,8,class_09,True
339,5,class_06,5,class_06,True
460,7,class_08,7,class_08,True
1,0,class_01,0,class_01,True
553,8,class_09,8,class_09,True
1628,25,class_26,25,class_26,True
1685,26,class_27,26,class_27,True
1555,24,class_25,24,class_25,True
1411,22,class_23,22,class_23,True
312,4,class_05,4,class_05,True
369,5,class_06,5,class_06,True
1056,16,class_17,16,class_17,True
1537,24,class_25,24,class_25,True
1513,24,class_25,24,class_25,True
21,0,class_01,0,class_01,True
467,7,class_08,7,class_08,True
1498,23,class_24,23,class_24,True
128,2,class_03,2,class_03,True
545,8,class_09,8,class_09,True
1520,24,class_25,24,class_25,True
1568,24,class_25,24,class_25,True
866,13,class_14,13,class_14,True
1093,17,class_18,17,class_18,True
1038,16,class_17,16,class_17,True
1599,25,class_26,25,class_26,True
1321,20,class_21,20,class_21,True
484,7,class_08,7,class_08,True
1410,22,class_23,22,class_23,True
254,4,class_05,4,class_05,True
623,9,class_10,9,class_10,True
1480,23,class_24,23,class_24,True
210,3,class_04,3,class_04,True
1068,16,class_17,16,class_17,True
1610,25,class_26,25,class_26,True
1506,23,class_24,23,class_24,True
1004,15,class_16,15,class_16,True
690,10,class_11,10,class_11,True
1275,20,class_21,20,class_21,True
1196,18,class_19,18,class_19,True
902,14,class_15,14,class_15,True
643,10,class_11,10,class_11,True
49,0,class_01,0,class_01,True
956,15,class_16,15,class_16,True
487,7,class_08,7,class_08,True
534,8,class_09,8,class_09,True
468,7,class_08,7,class_08,True
1607,25,class_26,25,class_26,True
1018,16,class_17,16,class_17,True
1067,16,class_17,16,class_17,True
761,12,class_13,12,class_13,True
280,4,class_05,4,class_05,True
276,4,class_05,4,class_05,True
1338,21,class_22,21,class_22,True
159,2,class_03,2,class_03,True
1306,20,class_21,20,class_21,True
1603,25,class_26,25,class_26,True
1698,26,class_27,26,class_27,True
1591,25,class_26,25,class_26,True
178,2,class_03,2,class_03,True
682,10,class_11,10,class_11,True
1581,25,class_26,25,class_26,True
5,0,class_01,0,class_01,True
305,4,class_05,4,class_05,True
1216,19,class_20,19,class_20,True
972,15,class_16,15,class_16,True
1430,22,class_23,22,class_23,True
1534,24,class_25,24,class_25,True
325,5,class_06,5,class_06,True
202,3,class_04,3,class_04,True
847,13,class_14,13,class_14,True
372,5,class_06,5,class_06,True
1152,18,class_19,18,class_19,True
632,10,class_11,10,class_11,True
1516,24,class_25,24,class_25,True
346,5,class_06,5,class_06,True
659,10,class_11,10,class_11,True
1302,20,class_21,20,class_21,True
137,2,class_03,2,class_03,True
1550,24,class_25,24,class_25,True
1677,26,class_27,26,class_27,True
600,9,class_10,9,class_10,True
990,15,class_16,15,class_16,True
1116,17,class_18,17,class_18,True
1453,23,class_24,23,class_24,True
1003,15,class_16,15,class_16,True
507,8,class_09,8,class_09,True
1328,21,class_22,21,class_22,True
19,0,class_01,0,class_01,True
85,1,class_02,1,class_02,True
262,4,class_05,4,class_05,True
626,9,class_10,9,class_10,True
969,15,class_16,15,class_16,True
201,3,class_04,3,class_04,True
849,13,class_14,13,class_14,True
612,9,class_10,9,class_10,True
1070,16,class_17,16,class_17,True
197,3,class_04,3,class_04,True
893,14,class_15,14,class_15,True
423,6,class_07,6,class_07,True
1272,20,class_21,20,class_21,True
505,8,class_09,8,class_09,True
509,8,class_09,8,class_09,True
541,8,class_09,8,class_09,True
462,7,class_08,7,class_08,True
728,11,class_12,11,class_12,True
382,6,class_07,6,class_07,True
1161,18,class_19,18,class_19,True
1390,22,class_23,22,class_23,True
1347,21,class_22,21,class_22,True
1134,18,class_19,18,class_19,True
24,0,class_01,0,class_01,True
583,9,class_10,9,class_10,True
11,0,class_01,0,class_01,True
1587,25,class_26,25,class_26,True
1365,21,class_22,21,class_22,True
1336,21,class_22,21,class_22,True
1484,23,class_24,23,class_24,True
78,1,class_02,1,class_02,True
521,8,class_09,8,class_09,True
387,6,class_07,6,class_07,True
198,3,class_04,3,class_04,True
661,10,class_11,10,class_11,True
2,0,class_01,0,class_01,True
1316,20,class_21,20,class_21,True
146,2,class_03,2,class_03,True
1524,24,class_25,24,class_25,True
756,12,class_13,12,class_13,True
1438,22,class_23,22,class_23,True
667,10,class_11,10,class_11,True
1318,20,class_21,20,class_21,True
625,9,class_10,9,class_10,True
673,10,class_11,10,class_11,True
271,4,class_05,4,class_05,True
1518,24,class_25,24,class_25,True
1536,24,class_25,24,class_25,True
134,2,class_03,2,class_03,True
493,7,class_08,7,class_08,True
694,11,class_12,11,class_12,True
649,10,class_11,10,class_11,True
1402,22,class_23,22,class_23,True
1419,22,class_23,22,class_23,True
356,5,class_06,5,class_06,True
568,9,class_10,9,class_10,True
896,14,class_15,14,class_15,True
565,8,class_09,8,class_09,True
379,6,class_07,6,class_07,True
120,1,class_02,1,class_02,True
321,5,class_06,5,class_06,True
930,14,class_15,14,class_15,True
1408,22,class_23,22,class_23,True
1667,26,class_27,26,class_27,True
390,6,class_07,6,class_07,True
962,15,class_16,15,class_16,True
328,5,class_06,5,class_06,True
774,12,class_13,12,class_13,True
605,9,class_10,9,class_10,True
1639,26,class_27,26,class_27,True
1129,17,class_18,10,class_11,False
123,1,class_02,1,class_02,True
729,11,class_12,11,class_12,True
1665,26,class_27,26,class_27,True
1557,24,class_25,24,class_25,True
1435,22,class_23,22,class_23,True
536,8,class_09,8,class_09,True
1469,23,class_24,23,class_24,True
1025,16,class_17,16,class_17,True
500,7,class_08,7,class_08,True
1288,20,class_21,20,class_21,True
1675,26,class_27,26,class_27,True
340,5,class_06,5,class_06,True
263,4,class_05,4,class_05,True
127,2,class_03,2,class_03,True
278,4,class_05,4,class_05,True
1406,22,class_23,22,class_23,True
1329,21,class_22,21,class_22,True
1416,22,class_23,22,class_23,True
175,2,class_03,2,class_03,True
1625,25,class_26,25,class_26,True
1640,26,class_27,26,class_27,True
1405,22,class_23,22,class_23,True
941,14,class_15,14,class_15,True
1418,22,class_23,22,class_23,True
381,6,class_07,6,class_07,True
138,2,class_03,2,class_03,True
1122,17,class_18,17,class_18,True
730,11,class_12,11,class_12,True
1351,21,class_22,21,class_22,True
1221,19,class_20,19,class_20,True
863,13,class_14,13,class_14,True
743,11,class_12,11,class_12,True
556,8,class_09,8,class_09,True
551,8,class_09,8,class_09,True
489,7,class_08,7,class_08,True
306,4,class_05,4,class_05,True
1166,18,class_19,18,class_19,True
696,11,class_12,11,class_12,True
1457,23,class_24,23,class_24,True
1392,22,class_23,22,class_23,True
353,5,class_06,5,class_06,True
1115,17,class_18,17,class_18,True
74,1,class_02,1,class_02,True
385,6,class_07,6,class_07,True
12,0,class_01,0,class_01,True
1028,16,class_17,16,class_17,True
446,7,class_08,7,class_08,True
303,4,class_05,4,class_05,True
1401,22,class_23,22,class_23,True
1669,26,class_27,26,class_27,True
267,4,class_05,4,class_05,True
592,9,class_10,9,class_10,True
1098,17,class_18,17,class_18,True
1620,25,class_26,25,class_26,True
1268,20,class_21,20,class_21,True
498,7,class_08,7,class_08,True
1247,19,class_20,19,class_20,True
110,1,class_02,1,class_02,True
686,10,class_11,10,class_11,True
945,15,class_16,15,class_16,True
152,2,class_03,2,class_03,True
1332,21,class_22,21,class_22,True
906,14,class_15,14,class_15,True
363,5,class_06,5,class_06,True
1209,19,class_20,19,class_20,True
566,8,class_09,8,class_09,True
1203,19,class_20,19,class_20,True
1425,22,class_23,22,class_23,True
1180,18,class_19,18,class_19,True
617,9,class_10,9,class_10,True
111,1,class_02,1,class_02,True
1200,19,class_20,19,class_20,True
834,13,class_14,13,class_14,True
1050,16,class_17,16,class_17,True
1468,23,class_24,23,class_24,True
720,11,class_12,11,class_12,True
1605,25,class_26,25,class_26,True
1260,20,class_21,20,class_21,True
779,12,class_13,12,class_13,True
1627,25,class_26,25,class_26,True
970,15,class_16,15,class_16,True
472,7,class_08,7,class_08,True
1504,23,class_24,23,class_24,True
894,14,class_15,14,class_15,True
787,12,class_13,12,class_13,True
1380,21,class_22,21,class_22,True
1039,16,class_17,16,class_17,True
1490,23,class_24,23,class_24,True
1565,24,class_25,24,class_25,True
437,6,class_07,6,class_07,True
1132,17,class_18,17,class_18,True
63,1,class_02,1,class_02,True
51,0,class_01,0,class_01,True
1407,22,class_23,22,class_23,True
389,6,class_07,6,class_07,True
1286,20,class_21,20,class_21,True
775,12,class_13,12,class_13,True
1256,19,class_20,19,class_20,True
1383,21,class_22,21,class_22,True
882,14,class_15,14,class_15,True
1017,16,class_17,16,class_17,True
911,14,class_15,14,class_15,True
1095,17,class_18,17,class_18,True
300,4,class_05,4,class_05,True
860,13,class_14,13,class_14,True
603,9,class_10,9,class_10,True
458,7,class_08,7,class_08,True
1319,20,class_21,20,class_21,True
1315,20,class_21,20,class_21,True
279,4,class_05,4,class_05,True
901,14,class_15,14,class_15,True
1250,19,class_20,19,class_20,True
1644,26,class_27,26,class_27,True
803,12,class_13,12,class_13,True
908,14,class_15,14,class_15,True
1187,18,class_19,18,class_19,True
124,1,class_02,1,class_02,True
581,9,class_10,9,class_10,True
230,3,class_04,3,class_04,True
402,6,class_07,6,class_07,True
680,10,class_11,10,class_11,True
726,11,class_12,11,class_12,True
907,14,class_15,14,class_15,True
1240,19,class_20,19,class_20,True
248,3,class_04,3,class_04,True
993,15,class_16,15,class_16,True
1596,25,class_26,25,class_26,True
72,1,class_02,1,class_02,True
1512,24,class_25,24,class_25,True
1458,23,class_24,23,class_24,True
1241,19,class_20,19,class_20,True
1101,17,class_18,17,class_18,True
715,11,class_12,11,class_12,True
384,6,class_07,6,class_07,True
1231,19,class_20,19,class_20,True
891,14,class_15,14,class_15,True
811,12,class_13,12,class_13,True
130,2,class_03,2,class_03,True
377,5,class_06,5,class_06,True
832,13,class_14,13,class_14,True
572,9,class_10,9,class_10,True
1034,16,class_17,16,class_17,True
1044,16,class_17,16,class_17,True
214,3,class_04,3,class_04,True
1073,17,class_18,17,class_18,True
511,8,class_09,8,class_09,True
424,6,class_07,6,class_07,True
368,5,class_06,5,class_06,True
1511,23,class_24,23,class_24,True
48,0,class_01,0,class_01,True
42,0,class_01,0,class_01,True
1007,15,class_16,15,class_16,True
1164,18,class_19,18,class_19,True
904,14,class_15,14,class_15,True
470,7,class_08,7,class_08,True
751,11,class_12,11,class_12,True
207,3,class_04,3,class_04,True
1688,26,class_27,26,class_27,True
805,12,class_13,12,class_13,True
151,2,class_03,2,class_03,True
784,12,class_13,12,class_13,True
1104,17,class_18,17,class_18,True
1087,17,class_18,17,class_18,True
313,4,class_05,4,class_05,True
316,5,class_06,5,class_06,True
259,4,class_05,4,class_05,True
1078,17,class_18,17,class_18,True
1300,20,class_21,20,class_21,True
1692,26,class_27,26,class_27,True
1505,23,class_24,23,class_24,True
535,8,class_09,8,class_09,True
519,8,class_09,8,class_09,True
1117,17,class_18,17,class_18,True
525,8,class_09,8,class_09,True
742,11,class_12,11,class_12,True
1575,25,class_26,25,class_26,True
996,15,class_16,15,class_16,True
164,2,class_03,2,class_03,True
131,2,class_03,2,class_03,True
1493,23,class_24,23,class_24,True
143,2,class_03,2,class_03,True
132,2,class_03,2,class_03,True
1299,20,class_21,20,class_21,True
829,13,class_14,13,class_14,True
1228,19,class_20,19,class_20,True
1333,21,class_22,21,class_22,True
666,10,class_11,10,class_11,True
162,2,class_03,2,class_03,True
533,8,class_09,8,class_09,True
543,8,class_09,8,class_09,True
1128,17,class_18,17,class_18,True
1331,21,class_22,21,class_22,True
1215,19,class_20,19,class_20,True
54,0,class_01,0,class_01,True
1432,22,class_23,22,class_23,True
173,2,class_03,2,class_03,True
180,2,class_03,2,class_03,True
628,9,class_10,9,class_10,True
1257,19,class_20,19,class_20,True
650,10,class_11,10,class_11,True
66,1,class_02,1,class_02,True
114,1,class_02,1,class_02,True
125,1,class_02,1,class_02,True
1232,19,class_20,19,class_20,True
481,7,class_08,7,class_08,True
1124,17,class_18,17,class_18,True
699,11,class_12,11,class_12,True
695,11,class_12,11,class_12,True
760,12,class_13,12,class_13,True
1084,17,class_18,17,class_18,True
1472,23,class_24,23,class_24,True
718,11,class_12,11,class_12,True
725,11,class_12,11,class_12,True
1494,23,class_24,23,class_24,True
1479,23,class_24,23,class_24,True
1179,18,class_19,18,class_19,True
1459,23,class_24,23,class_24,True
954,15,class_16,15,class_16,True
494,7,class_08,7,class_08,True
1495,23,class_24,23,class_24,True
579,9,class_10,9,class_10,True
878,13,class_14,13,class_14,True
416,6,class_07,6,class_07,True
573,9,class_10,9,class_10,True
1307,20,class_21,20,class_21,True
181,2,class_03,2,class_03,True
1649,26,class_27,26,class_27,True
433,6,class_07,6,class_07,True
733,11,class_12,11,class_12,True
1403,22,class_23,22,class_23,True
221,3,class_04,3,class_04,True
899,14,class_15,14,class_15,True
567,9,class_10,9,class_10,True
925,14,class_15,14,class_15,True
256,4,class_05,4,class_05,True
560,8,class_09,8,class_09,True
1601,25,class_26,25,class_26,True
724,11,class_12,11,class_12,True
646,10,class_11,10,class_11,True
482,7,class_08,7,class_08,True
1022,16,class_17,16,class_17,True
38,0,class_01,0,class_01,True
1136,18,class_19,18,class_19,True
809,12,class_13,12,class_13,True
1341,21,class_22,21,class_22,True
656,10,class_11,10,class_11,True
1647,26,class_27,26,class_27,True
1357,21,class_22,21,class_22,True
844,13,class_14,13,class_14,True
155,2,class_03,2,class_03,True
318,5,class_06,5,class_06,True
1571,24,class_25,24,class_25,True
658,10,class_11,10,class_11,True
1345,21,class_22,21,class_22,True
121,1,class_02,1,class_02,True
1552,24,class_25,24,class_25,True
1255,19,class_20,19,class_20,True
1654,26,class_27,26,class_27,True
608,9,class_10,9,class_10,True
1148,18,class_19,18,class_19,True
239,3,class_04,3,class_04,True
522,8,class_09,8,class_09,True
1175,18,class_19,18,class_19,True
172,2,class_03,2,class_03,True
361,5,class_06,5,class_06,True
485,7,class_08,7,class_08,True
351,5,class_06,5,class_06,True
1041,16,class_17,16,class_17,True
411,6,class_07,6,class_07,True
986,15,class_16,15,class_16,True
782,12,class_13,12,class_13,True
41,0,class_01,0,class_01,True
1226,19,class_20,19,class_20,True
365,5,class_06,5,class_06,True
773,12,class_13,12,class_13,True
1110,17,class_18,17,class_18,True
817,12,class_13,12,class_13,True
471,7,class_08,7,class_08,True
1487,23,class_24,23,class_24,True
1265,20,class_21,20,class_21,True
206,3,class_04,3,class_04,True
452,7,class_08,7,class_08,True
358,5,class_06,5,class_06,True
1011,16,class_17,16,class_17,True
1342,21,class_22,21,class_22,True
429,6,class_07,6,class_07,True
974,15,class_16,15,class_16,True
610,9,class_10,9,class_10,True
344,5,class_06,5,class_06,True
975,15,class_16,15,class_16,True
1424,22,class_23,22,class_23,True
1674,26,class_27,26,class_27,True
499,7,class_08,7,class_08,True
589,9,class_10,9,class_10,True
1177,18,class_19,18,class_19,True
405,6,class_07,6,class_07,True
828,13,class_14,13,class_14,True
1259,19,class_20,19,class_20,True
1413,22,class_23,22,class_23,True
1119,17,class_18,17,class_18,True
350,5,class_06,5,class_06,True
1461,23,class_24,23,class_24,True
1192,18,class_19,18,class_19,True
69,1,class_02,1,class_02,True
422,6,class_07,6,class_07,True
994,15,class_16,15,class_16,True
821,13,class_14,13,class_14,True
58,0,class_01,0,class_01,True
1063,16,class_17,16,class_17,True
1660,26,class_27,26,class_27,True
1633,25,class_26,25,class_26,True
336,5,class_06,5,class_06,True
1308,20,class_21,20,class_21,True
142,2,class_03,2,class_03,True
800,12,class_13,12,class_13,True
166,2,class_03,2,class_03,True
869,13,class_14,13,class_14,True
1120,17,class_18,17,class_18,True
459,7,class_08,7,class_08,True
18,0,class_01,0,class_01,True
81,1,class_02,1,class_02,True
1613,25,class_26,25,class_26,True
403,6,class_07,6,class_07,True
1388,22,class_23,22,class_23,True
1249,19,class_20,19,class_20,True
732,11,class_12,11,class_12,True
1441,22,class_23,22,class_23,True
204,3,class_04,3,class_04,True
550,8,class_09,8,class_09,True
454,7,class_08,7,class_08,True
342,5,class_06,5,class_06,True
225,3,class_04,3,class_04,True
367,5,class_06,5,class_06,True
40,0,class_01,0,class_01,True
622,9,class_10,9,class_10,True
1181,18,class_19,18,class_19,True
874,13,class_14,13,class_14,True
242,3,class_04,3,class_04,True
383,6,class_07,6,class_07,True
794,12,class_13,12,class_13,True
1666,26,class_27,26,class_27,True
1563,24,class_25,24,class_25,True
309,4,class_05,4,class_05,True
701,11,class_12,11,class_12,True
792,12,class_13,12,class_13,True
591,9,class_10,9,class_10,True
401,6,class_07,6,class_07,True
432,6,class_07,6,class_07,True
47,0,class_01,0,class_01,True
1198,19,class_20,19,class_20,True
1086,17,class_18,17,class_18,True
895,14,class_15,14,class_15,True
815,12,class_13,12,class_13,True
190,3,class_04,3,class_04,True
1339,21,class_22,21,class_22,True
920,14,class_15,14,class_15,True
823,13,class_14,13,class_14,True
955,15,class_16,15,class_16,True
1562,24,class_25,24,class_25,True
1482,23,class_24,23,class_24,True
1168,18,class_19,18,class_19,True
1205,19,class_20,19,class_20,True
96,1,class_02,1,class_02,True
1651,26,class_27,26,class_27,True
1464,23,class_24,23,class_24,True
528,8,class_09,8,class_09,True
1595,25,class_26,25,class_26,True
638,10,class_11,10,class_11,True
1578,25,class_26,25,class_26,True
62,0,class_01,0,class_01,True
1218,19,class_20,19,class_20,True
1382,21,class_22,21,class_22,True
455,7,class_08,7,class_08,True
374,5,class_06,5,class_06,True
182,2,class_03,2,class_03,True
1280,20,class_21,20,class_21,True
752,11,class_12,11,class_12,True
447,7,class_08,7,class_08,True
34,0,class_01,0,class_01,True
1658,26,class_27,26,class_27,True
786,12,class_13,12,class_13,True
1655,26,class_27,26,class_27,True
1630,25,class_26,25,class_26,True
1377,21,class_22,21,class_22,True
1071,17,class_18,10,class_11,False
1359,21,class_22,21,class_22,True
1033,16,class_17,16,class_17,True
37,0,class_01,0,class_01,True
1501,23,class_24,23,class_24,True
703,11,class_12,11,class_12,True
77,1,class_02,1,class_02,True
30,0,class_01,0,class_01,True
418,6,class_07,6,class_07,True
1585,25,class_26,25,class_26,True
1404,22,class_23,22,class_23,True
1508,23,class_24,23,class_24,True
957,15,class_16,15,class_16,True
216,3,class_04,3,class_04,True
843,13,class_14,13,class_14,True
317,5,class_06,5,class_06,True
1448,22,class_23,22,class_23,True
689,10,class_11,10,class_11,True
963,15,class_16,15,class_16,True
260,4,class_05,4,class_05,True
549,8,class_09,8,class_09,True
1043,16,class_17,16,class_17,True
615,9,class_10,9,class_10,True
1387,22,class_23,22,class_23,True
837,13,class_14,13,class_14,True
238,3,class_04,3,class_04,True
532,8,class_09,8,class_09,True
226,3,class_04,3,class_04,True
154,2,class_03,2,class_03,True
1219,19,class_20,19,class_20,True
885,14,class_15,14,class_15,True
435,6,class_07,6,class_07,True
483,7,class_08,7,class_08,True
1324,21,class_22,21,class_22,True
594,9,class_10,9,class_10,True
1217,19,class_20,19,class_20,True
552,8,class_09,8,class_09,True
1526,24,class_25,24,class_25,True
1000,15,class_16,15,class_16,True
685,10,class_11,10,class_11,True
1210,19,class_20,19,class_20,True
1617,25,class_26,25,class_26,True
464,7,class_08,7,class_08,True
439,6,class_07,6,class_07,True
1676,26,class_27,26,class_27,True
985,15,class_16,15,class_16,True
1693,26,class_27,26,class_27,True
850,13,class_14,13,class_14,True
1186,18,class_19,18,class_19,True
1443,22,class_23,22,class_23,True
1509,23,class_24,23,class_24,True
410,6,class_07,6,class_07,True
73,1,class_02,1,class_02,True
1082,17,class_18,17,class_18,True
1399,22,class_23,22,class_23,True
1346,21,class_22,21,class_22,True
1366,21,class_22,21,class_22,True
1540,24,class_25,24,class_25,True
396,6,class_07,6,class_07,True
192,3,class_04,3,class_04,True
1567,24,class_25,24,class_25,True
1439,22,class_23,22,class_23,True
87,1,class_02,1,class_02,True
1629,25,class_26,25,class_26,True
1643,26,class_27,26,class_27,True
1092,17,class_18,17,class_18,True
1638,26,class_27,26,class_27,True
1141,18,class_19,18,class_19,True
308,4,class_05,4,class_05,True
903,14,class_15,14,class_15,True
1378,21,class_22,21,class_22,True
1317,20,class_21,20,class_21,True
1335,21,class_22,21,class_22,True
113,1,class_02,1,class_02,True
1142,18,class_19,18,class_19,True
613,9,class_10,9,class_10,True
1604,25,class_26,25,class_26,True
602,9,class_10,9,class_10,True
1384,21,class_22,21,class_22,True
944,14,class_15,14,class_15,True
272,4,class_05,4,class_05,True
584,9,class_10,9,class_10,True
445,7,class_08,7,class_08,True
1012,16,class_17,16,class_17,True
1171,18,class_19,18,class_19,True
918,14,class_15,14,class_15,True
1287,20,class_21,20,class_21,True
203,3,class_04,3,class_04,True
663,10,class_11,10,class_11,True
153,2,class_03,2,class_03,True
170,2,class_03,2,class_03,True
1456,23,class_24,23,class_24,True
723,11,class_12,11,class_12,True
635,10,class_11,10,class_11,True
852,13,class_14,13,class_14,True
1661,26,class_27,26,class_27,True
653,10,class_11,10,class_11,True
836,13,class_14,13,class_14,True
1542,24,class_25,24,class_25,True
1002,15,class_16,15,class_16,True
1343,21,class_22,21,class_22,True
951,15,class_16,15,class_16,True
1190,18,class_19,18,class_19,True
1474,23,class_24,23,class_24,True
229,3,class_04,3,class_04,True
717,11,class_12,11,class_12,True
1436,22,class_23,22,class_23,True
119,1,class_02,1,class_02,True
370,5,class_06,5,class_06,True
1077,17,class_18,17,class_18,True
1525,24,class_25,24,class_25,True
1619,25,class_26,25,class_26,True
1283,20,class_21,20,class_21,True
291,4,class_05,4,class_05,True
1523,24,class_25,24,class_25,True
1541,24,class_25,24,class_25,True
122,1,class_02,1,class_02,True
1305,20,class_21,20,class_21,True
492,7,class_08,7,class_08,True
1560,24,class_25,24,class_25,True
912,14,class_15,14,class_15,True
469,7,class_08,7,class_08,True
618,9,class_10,9,class_10,True
692,10,class_11,10,class_11,True
1678,26,class_27,26,class_27,True
1013,16,class_17,16,class_17,True
1527,24,class_25,24,class_25,True
233,3,class_04,3,class_04,True
311,4,class_05,4,class_05,True
807,12,class_13,12,class_13,True
265,4,class_05,4,class_05,True
609,9,class_10,9,class_10,True
681,10,class_11,10,class_11,True
776,12,class_13,12,class_13,True
320,5,class_06,5,class_06,True
88,1,class_02,1,class_02,True
1376,21,class_22,21,class_22,True
708,11,class_12,11,class_12,True
1253,19,class_20,19,class_20,True
762,12,class_13,12,class_13,True
1426,22,class_23,22,class_23,True
297,4,class_05,4,class_05,True
841,13,class_14,13,class_14,True
1109,17,class_18,17,class_18,True
1558,24,class_25,24,class_25,True
660,10,class_11,10,class_11,True
1360,21,class_22,21,class_22,True
515,8,class_09,8,class_09,True
223,3,class_04,3,class_04,True
343,5,class_06,5,class_06,True
1648,26,class_27,26,class_27,True
1258,19,class_20,19,class_20,True
1510,23,class_24,23,class_24,True
480,7,class_08,7,class_08,True
719,11,class_12,11,class_12,True
816,12,class_13,12,class_13,True
833,13,class_14,13,class_14,True
910,14,class_15,14,class_15,True
419,6,class_07,6,class_07,True
20,0,class_01,0,class_01,True
1528,24,class_25,24,class_25,True
1045,16,class_17,16,class_17,True
1314,20,class_21,20,class_21,True
1646,26,class_27,26,class_27,True
1173,18,class_19,18,class_19,True
95,1,class_02,1,class_02,True
1294,20,class_21,20,class_21,True
1621,25,class_26,25,class_26,True
463,7,class_08,7,class_08,True
586,9,class_10,9,class_10,True
398,6,class_07,6,class_07,True
564,8,class_09,8,class_09,True
1502,23,class_24,23,class_24,True
289,4,class_05,4,class_05,True
1183,18,class_19,18,class_19,True
1641,26,class_27,26,class_27,True
1042,16,class_17,16,class_17,True
234,3,class_04,3,class_04,True
1201,19,class_20,19,class_20,True
1427,22,class_23,22,class_23,True
948,15,class_16,15,class_16,True
1130,17,class_18,17,class_18,True
710,11,class_12,11,class_12,True
1695,26,class_27,26,class_27,True
1554,24,class_25,24,class_25,True
887,14,class_15,14,class_15,True
8,0,class_01,0,class_01,True
414,6,class_07,6,class_07,True
798,12,class_13,12,class_13,True
839,13,class_14,13,class_14,True
1454,23,class_24,23,class_24,True
890,14,class_15,14,class_15,True
1489,23,class_24,23,class_24,True
754,11,class_12,11,class_12,True
851,13,class_14,13,class_14,True
208,3,class_04,3,class_04,True
352,5,class_06,5,class_06,True
853,13,class_14,13,class_14,True
502,7,class_08,7,class_08,True
304,4,class_05,4,class_05,True
1652,26,class_27,26,class_27,True
980,15,class_16,15,class_16,True
524,8,class_09,8,class_09,True
1185,18,class_19,18,class_19,True
163,2,class_03,2,class_03,True
675,10,class_11,10,class_11,True
1682,26,class_27,26,class_27,True
688,10,class_11,10,class_11,True
966,15,class_16,15,class_16,True
1664,26,class_27,26,class_27,True
400,6,class_07,6,class_07,True
1233,19,class_20,19,class_20,True
924,14,class_15,14,class_15,True
93,1,class_02,1,class_02,True
1058,16,class_17,16,class_17,True
547,8,class_09,8,class_09,True
722,11,class_12,11,class_12,True
1529,24,class_25,24,class_25,True
735,11,class_12,11,class_12,True
889,14,class_15,14,class_15,True
1144,18,class_19,18,class_19,True
789,12,class_13,12,class_13,True
1445,22,class_23,22,class_23,True
621,9,class_10,9,class_10,True
1659,26,class_27,26,class_27,True
1631,25,class_26,25,class_26,True
709,11,class_12,11,class_12,True
520,8,class_09,8,class_09,True
540,8,class_09,8,class_09,True
544,8,class_09,8,class_09,True
307,4,class_05,4,class_05,True
1379,21,class_22,21,class_22,True
1570,24,class_25,24,class_25,True
1212,19,class_20,19,class_20,True
1593,25,class_26,25,class_26,True
1296,20,class_21,20,class_21,True
1291,20,class_21,20,class_21,True
886,14,class_15,14,class_15,True
616,9,class_10,9,class_10,True
421,6,class_07,6,class_07,True
1123,17,class_18,17,class_18,True
965,15,class_16,15,class_16,True
1363,21,class_22,21,class_22,True
1471,23,class_24,23,class_24,True
879,13,class_14,13,class_14,True
287,4,class_05,4,class_05,True
1446,22,class_23,22,class_23,True
1223,19,class_20,19,class_20,True
1032,16,class_17,16,class_17,True
1261,20,class_21,20,class_21,True
1367,21,class_22,21,class_22,True
1118,17,class_18,17,class_18,True
348,5,class_06,5,class_06,True
574,9,class_10,9,class_10,True
759,12,class_13,12,class_13,True
1160,18,class_19,18,class_19,True
456,7,class_08,7,class_08,True
428,6,class_07,6,class_07,True
1029,16,class_17,16,class_17,True
476,7,class_08,7,class_08,True
1091,17,class_18,17,class_18,True
1415,22,class_23,22,class_23,True
788,12,class_13,12,class_13,True
1455,23,class_24,23,class_24,True
258,4,class_05,4,class_05,True
1564,24,class_25,24,class_25,True
921,14,class_15,14,class_15,True
1437,22,class_23,22,class_23,True
1254,19,class_20,19,class_20,True
219,3,class_04,3,class_04,True
1238,19,class_20,19,class_20,True
1594,25,class_26,25,class_26,True
529,8,class_09,8,class_09,True
624,9,class_10,9,class_10,True
268,4,class_05,4,class_05,True
26,0,class_01,0,class_01,True
205,3,class_04,3,class_04,True
825,13,class_14,13,class_14,True
881,13,class_14,13,class_14,True
196,3,class_04,3,class_04,True
961,15,class_16,15,class_16,True
753,11,class_12,11,class_12,True
1014,16,class_17,16,class_17,True
810,12,class_13,12,class_13,True
106,1,class_02,1,class_02,True
29,0,class_01,0,class_01,True
1208,19,class_20,19,class_20,True
250,3,class_04,3,class_04,True
674,10,class_11,10,class_11,True
988,15,class_16,15,class_16,True
315,5,class_06,5,class_06,True
17,0,class_01,0,class_01,True
92,1,class_02,1,class_02,True
698,11,class_12,11,class_12,True
1112,17,class_18,17,class_18,True
1590,25,class_26,25,class_26,True
1391,22,class_23,22,class_23,True
768,12,class_13,12,class_13,True
1340,21,class_22,21,class_22,True
171,2,class_03,2,class_03,True
915,14,class_15,14,class_15,True
1135,18,class_19,18,class_19,True
1016,16,class_17,16,class_17,True
857,13,class_14,13,class_14,True
1167,18,class_19,18,class_19,True
427,6,class_07,6,class_07,True
1055,16,class_17,16,class_17,True
619,9,class_10,9,class_10,True
1107,17,class_18,17,class_18,True
1211,19,class_20,19,class_20,True
1592,25,class_26,25,class_26,True
167,2,class_03,2,class_03,True
186,2,class_03,2,class_03,True
1282,20,class_21,20,class_21,True
1539,24,class_25,24,class_25,True
952,15,class_16,15,class_16,True
241,3,class_04,3,class_04,True
129,2,class_03,2,class_03,True
