condition,accuracy,f1_macro
MissingLandmarks10,0.97265625,0.9729683686340033
MissingLandmarks20,0.9609375,0.9607863158258755
MissingLandmarks30,0.9453125,0.9446856809945905
MissingLandmarks40,0.94140625,0.9396304850725214
MissingLandmarks50,0.90234375,0.8982507726573774
PartialOcclusion,0.9765625,0.9770180551398302
PartialOcclusion30,0.9765625,0.9770180551398302
PartialOcclusion40,0.9765625,0.9770180551398302
PartialOcclusion50,0.96484375,0.965407858459114
PalmRegionOcclusion,0.96875,0.9689477704957581
TemporalMasking,0.9765625,0.9769397746693927
FingerAbsence,0.26171875,0.2595016963037674
CoordinateJitter,0.9765625,0.9770180551398302
OcclusionFrames4,0.9765625,0.9770180551398302
OcclusionFrames8,0.9765625,0.9770180551398302
OcclusionFrames12,0.9765625,0.9770180551398302
OcclusionFrames16,0.9765625,0.9770180551398302
OcclusionFrames24,0.98046875,0.9806143900055149
MorphologyDeform5,0.9765625,0.9770180551398302
MorphologyDeform10,0.9765625,0.9768324058313738
MorphologyDeform15,0.984375,0.9844784272028854
Speed0p7,0.9765625,0.9770180551398302
Speed1p3,0.9765625,0.9770180551398302
